clave,titulo,artista,genero,anio,agregado,bpm,energia,baile,deciBeles,vivo,val,duracion,acustica,palabra,pop,pais
758,"10,000 Hours (with Justin Bieber)",Dan + Shay,contemporary country,2019,31/12/1969,90,63,65,-5,11,43,168,15,3,93,indonesia
777,100 Degrees,Rich Brian,indonesian hip hop,2019,31/12/1969,81,65,76,-5,52,66,166,12,7,77,indonesia
533,105 F Remix,KEVVO,perreo,2019,31/12/1969,100,75,90,-7,29,74,464,37,16,83,chile
191,2000 Miles - 2007 Remaster,Pretenders,album rock,1984,31/12/1969,66,71,22,-9,10,45,220,0,4,78,australia
314,3 Batidas - Ao Vivo,Guilherme & Benuto,sertanejo pop,2019,31/12/1969,118,71,55,-5,76,53,157,61,13,82,brazil
199,8 Days of Christmas,Destiny's Child,dance pop,1999,31/12/1969,100,84,69,-1,6,64,210,5,19,67,australia
728,8 Parche,Baani Sandhu,punjabi pop,2019,31/12/1969,174,86,65,-2,20,73,210,16,21,68,india
687,93% [Tijuana],GLK,francoton,2019,31/12/1969,136,69,80,-5,18,80,223,62,6,73,france
329,A Culpa é do Meu Grau (feat. Zé Neto & Cristiano) - Ao Vivo em Brasília,Diego & Victor Hugo,sertanejo pop,2019,31/12/1969,119,88,54,-3,93,63,183,72,10,80,brazil
591,A Dónde Vamos,Morat,colombian pop,2019,31/12/1969,149,61,63,-13,23,96,203,1,4,77,spain
338,A Gente Fez Amor - Ao Vivo,Gusttavo Lima,sertanejo universitario,2019,31/12/1969,134,94,79,-2,96,83,238,37,3,78,brazil
44,A Holly Jolly Christmas - Single Version,Burl ,adult estandares,1998,31/12/1969,140,37,67,-13,10,86,133,59,3,83,world
299,Adan y Eva,Paulo Londra,argentine hip hop,2019,31/12/1969,172,71,77,-4,7,72,257,32,34,76,bolivia
108,Adicto (with Anuel AA & Ozuna),Tainy,pop reggaeton,2019,31/12/1969,80,84,73,-5,18,62,271,2,7,92,argentina
486,Adonay,Rodolfo Aicardi,classic colombian pop,2014,31/12/1969,118,66,76,-6,6,97,187,67,5,54,colombia
984,Adore You,Harry St.,dance pop,2019,31/12/1969,99,77,68,-4,10,57,207,2,5,87,malasya
783,Adu Rayu,Yovie Widianto,indonesian pop,2019,31/12/1969,100,37,56,-12,11,22,208,60,5,75,indonesia
335,Aí Eu Bebo - Ao Vivo,Maiara & Maraisa,sertanejo universitario,2019,31/12/1969,136,68,83,-5,41,85,174,48,7,79,brazil
98,Akulaleki,Samthing Soweto,afro house,2019,31/12/1969,116,67,90,-9,6,34,382,14,9,45,africa
331,Algo Mais (Amante) - Ao Vivo,Xand Avião,funk carioca,2019,31/12/1969,140,84,70,-3,75,67,232,28,6,80,brazil
480,Alguien Me Gusta,Andy Rivera,latin,2019,31/12/1969,93,52,67,-4,37,81,169,45,4,70,colombia
549,Algún Día Volveras,Santaferia,cumbia chilena,2018,31/12/1969,94,71,65,-4,5,69,254,37,3,68,chile
433,Alien,RIN,german cloud rap,2019,31/12/1969,138,60,84,-6,11,85,209,30,6,80,germany
901,All I Want for Christmas Is You,Mariah Carey,dance pop,1994,31/12/1969,150,63,34,-7,7,35,241,16,4,98,japan
579,Alocao (With Bad Gyal),Omar Montes,trap espanol,2019,31/12/1969,178,75,67,-5,11,70,209,21,6,84,spain
292,Amor a Primera Vista,Los Angeles Azules,grupera,2019,31/12/1969,170,76,66,-6,41,95,221,32,6,81,bolivia
898,ANSIA NO,FSK SATELLITE,italian hip hop,2019,31/12/1969,160,68,82,-7,22,71,149,15,56,73,italy
788,April,Fiersa Besari,indonesian indie,2014,31/12/1969,80,47,36,-8,19,57,264,59,3,72,indonesia
684,Aristocrate,Heuss L'enfoiré,french hip hop,2019,31/12/1969,117,61,94,-6,10,63,170,27,7,74,france
290,Atrévete,Nicky Jam,latin,2019,31/12/1969,184,68,55,-4,12,59,198,31,30,83,bolivia
342,Áudio - Ao Vivo em Brasília,Diego & Victor Hugo,sertanejo pop,2019,31/12/1969,110,81,61,-5,42,45,190,52,4,77,brazil
689,Avant toi,Vitaa,francoton,2019,31/12/1969,142,40,63,-9,10,25,224,88,3,72,france
115,Aventura,Lunay,latin,2019,31/12/1969,92,73,73,-3,10,88,217,22,4,90,argentina
489,Aventurero,Yeison Jimenez,colombian pop,2019,31/12/1969,93,63,85,-4,13,90,190,51,3,54,colombia
413,Ayy Macarena,Tyga,pop rap,2019,31/12/1969,96,63,82,-6,7,72,132,13,23,90,germany
534,B11 (feat. Myke Towers),Rvssian,latin,2019,31/12/1969,100,72,76,-5,13,20,252,7,12,83,chile
384,"Baby, It's Cold Outside",Brett Eldredge,contemporary country,2016,31/12/1969,114,57,58,-5,27,68,174,74,4,85,canada
808,bad guy,B. Eilish,electropop,2019,31/12/1969,135,43,70,-11,10,56,194,33,38,96,israel
675,Baianá,Bakermat,deep euro house,2019,31/12/1969,122,76,50,-7,33,49,182,0,5,77,france
606,Bandit (with YoungBoy Never Broke Again),Juice WRLD,chicago rap,2019,31/12/1969,180,63,47,-6,13,43,189,7,34,94,usa
887,Barrio,Mahmood,italian arena pop,2019,31/12/1969,122,70,80,-7,11,57,165,6,7,77,italy
677,Bâtiment,Niska,french hip hop,2019,31/12/1969,168,70,66,-7,7,65,211,29,14,76,france
817,Beautiful People (feat. Khalid),Ed Sheeran,pop,2019,31/12/1969,93,65,64,-8,8,55,198,12,19,86,israel
322,Bebi Liguei - Ao Vivo,Marília Mendonça,sertanejo,2019,31/12/1969,154,80,60,-4,74,68,160,36,20,81,brazil
347,Bebi Minha Bicicleta (Coração Falido) - Ao Vivo,Zé Neto & Cristiano,sertanejo universitario,2019,31/12/1969,196,90,39,-4,91,47,182,45,41,68,brazil
993,Before You Go,Lewis Capaldi,pop,2019,31/12/1969,112,57,46,-5,9,18,215,60,6,82,malasya
726,"Bekhayali (From ""Kabir Singh"")",Sachet Tandon,desi pop,2019,31/12/1969,172,59,31,-5,32,35,372,45,4,68,india
712,Believer,Imagine Dragons,modern rock,2017,31/12/1969,125,78,78,-4,8,67,204,6,13,89,india
279,Bellaq.- Remix,D.,latin,2019,31/12/1969,166,72,80,-4,18,76,305,14,8,87,bolivia
288,Bellaquita,Dalex,latin,2019,31/12/1969,166,70,58,-4,17,77,205,9,11,85,bolivia
794,Bicara (feat. Monita Tahalea),TheOvertunes,indonesian pop,2019,31/12/1969,77,37,57,-9,8,37,236,56,3,68,indonesia
550,Blanca Navidad,Luis Miguel,bolero,2006,31/12/1969,90,40,36,-11,7,18,212,73,3,67,chile
128,Blanco,J Balvin,latin,2019,31/12/1969,100,71,87,-5,9,59,146,3,13,87,argentina
962,Blinding Lights,The Weeknd,canadian contemporary r&b,2019,31/12/1969,171,80,51,-4,9,35,202,0,6,96,malasya
695,Block,Larry,french hip hop,2019,31/12/1969,77,74,72,-7,41,71,157,29,28,65,france
625,Blue Christmas,Elvis Presley,adult standards,1957,31/12/1969,95,27,47,-17,14,58,129,90,4,87,usa
175,Blue Xmas,Elvis Presley,adult standards,1957,31/12/1969,95,27,47,-17,14,58,129,90,4,87,australia
876,blun7 a swishland,tha Supreme,trap italiana,2019,31/12/1969,130,79,69,-6,26,57,168,13,25,80,italy
612,BOP,DaBaby,nc hip hop,2019,31/12/1969,127,79,77,-4,13,84,160,19,37,92,usa
885,Bossoli,Shiva,italian hip hop,2019,31/12/1969,145,66,83,-8,14,80,179,44,26,77,italy
762,Boy With Luv (feat. Halsey),BTS,k-pop,2019,31/12/1969,120,86,65,-5,19,80,230,9,10,87,indonesia
886,BRAVI A CADERE - I polmoni,Marracash,italian hip hop,2019,31/12/1969,95,69,61,-6,10,28,200,16,10,77,italy
140,C90 - Remix,John C,argentine hip hop,2019,31/12/1969,123,76,87,-5,7,61,316,34,9,72,argentina
109,Callaita,Bad Bunny,latin,2019,31/12/1969,176,62,61,-5,24,24,251,60,31,92,argentina
127,Calma - Remix,Pedro Capó,latin,2018,31/12/1969,127,77,83,-4,14,76,238,32,5,87,argentina
767,Can We Kiss Forever?,Kina,pop,2018,31/12/1969,110,13,52,-19,9,12,188,89,4,84,indonesia
139,CANGURO,WOS,argentine indie,2019,31/12/1969,164,75,60,-4,67,93,197,17,33,73,argentina
492,Cariñito,Rodolfo Aicardi,classic colombian pop,2012,31/12/1969,106,57,68,-6,8,95,227,82,3,53,colombia
636,Carol of the Bells,Mykola Dmytrovych Leontovych,post-romantic era,1990,31/12/1969,47,11,42,-23,18,80,85,99,4,84,usa
348,Carreira Solo - Ao Vivo,Gusttavo Lima,sertanejo universitario,2019,31/12/1969,127,93,81,-1,87,92,216,41,4,67,brazil
779,Celengan Rindu,Fiersa Besari,indonesian indie,2014,31/12/1969,117,54,64,-8,14,66,224,11,4,76,indonesia
894,ch1 5ei te,tha Supreme,trap italiana,2019,31/12/1969,88,78,49,-6,16,32,184,5,7,76,italy
730,Chal Bombay,DIVINE,desi hip hop,2019,31/12/1969,95,62,86,-7,12,51,174,4,32,68,india
313,Chama Ela (feat. Pedro Sampaio),Lexa,baile pop,2019,31/12/1969,150,84,89,-2,6,96,120,46,15,83,brazil
740,Chandigarh Mein,Badshah,desi hip hop,2019,31/12/1969,100,87,81,-2,7,34,205,1,6,64,india
891,"CHARLES MANSON (BUON NATALE2) (feat. Lazza) - feat. Dani Faiv, Nitro",Salmo,italian hip hop,2019,31/12/1969,120,83,72,-5,44,48,258,1,21,76,italy
305,Cheirosa - Ao Vivo,Jorge & Mateus,sertanejo,2019,31/12/1969,152,87,53,-3,33,71,182,24,9,85,brazil
883,Chiasso,Random,italian hip hop,2019,31/12/1969,92,45,72,-13,10,46,182,25,19,78,italy
104,China,Anuel AA,latin,2019,31/12/1969,105,81,79,-4,8,61,302,8,9,94,argentina
327,choque térmico - ao vivo,Luan Santana,funk carioca,2019,31/12/1969,127,76,74,-6,83,73,180,34,4,81,brazil
641,Christmas (Baby Please Come Home),Darlene Love,adult standards,2019,31/12/1969,126,76,34,-7,8,36,166,39,5,82,usa
231,Christmas Lights,Coldplay,permanent wave,2010,31/12/1969,131,42,31,-9,8,24,242,13,3,87,belgium
441,Christmas Time,Bryan Adams,album rock,2019,31/12/1969,77,58,50,-4,10,32,243,47,3,72,germany
649,Christmas Time Is Here - Vocal,Vince Guaraldi Trio,adult standards,1965,31/12/1969,75,14,39,-20,10,9,166,98,3,75,usa
900,Cin Cin,Alfa,italian arena pop,2019,31/12/1969,121,63,70,-4,13,37,180,26,3,65,italy
795,Cinta Luar Biasa,Andmesh,indonesian pop,2019,31/12/1969,136,23,58,-12,10,32,256,81,3,66,indonesia
4,Circles,Post Malone,dfw rap,2019,31/12/1969,120,76,70,-3,9,55,215,19,4,99,world
426,COLT,Samra,german hip hop,2019,31/12/1969,90,53,54,-6,10,18,180,35,43,83,germany
336,Com ou Sem Mim (Ao Vivo em Fortaleza),Gustavo Mioto,sertanejo,2019,31/12/1969,142,72,61,-4,96,30,202,16,5,79,brazil
302,Combatchy (feat. MC Rebecca),Anitta,baile pop,2019,31/12/1969,150,73,83,-3,2,61,158,38,8,86,brazil
988,comethru,Jeremy Zucker,pop,2018,31/12/1969,94,18,80,-12,62,61,182,61,6,86,malasya
141,Cómo estás,Ke Personajes,cumbia pop,2019,31/12/1969,135,86,59,-2,4,98,227,29,6,72,argentina
691,Compliqué,Dadju,francoton,2019,31/12/1969,75,74,70,-7,16,93,215,55,5,68,france
572,Con Altura,ROSALÍA,r&b en espanol,2019,31/12/1969,98,69,88,-4,5,75,162,39,12,88,spain
124,Con Calma,Daddy Yankee,latin,2019,31/12/1969,94,86,74,-3,6,66,193,11,6,88,argentina
588,Contando Lunares (feat. Cruz Cafuné),Don Patricio,trap espanol,2019,31/12/1969,106,52,86,-10,5,71,220,44,13,81,spain
316,Contatinho - Ao Vivo Em São Paulo / 2019,Leo Santana,axe,2019,31/12/1969,152,93,79,-5,95,81,173,22,8,82,brazil
540,Coronao Now,El Alfa,dembow,2019,31/12/1969,118,73,94,-8,18,72,218,15,25,81,chile
697,Côte Ouest,47ter,french hip hop,2019,31/12/1969,152,59,77,-8,18,58,233,50,9,59,france
878,CRUDELIA - I nervi,Marracash,italian hip hop,2019,31/12/1969,82,55,55,-8,34,7,231,15,10,80,italy
527,Cuerpo en Venta,Noriel,latin,2019,31/12/1969,92,60,70,-6,10,41,254,16,30,85,chile
789,Dan...,Sheila On 7,indonesian pop,1999,31/12/1969,125,54,66,-12,11,54,289,16,3,72,indonesia
741,Dance Like,Harrdy Sandhu,desi pop,2019,31/12/1969,100,82,86,-3,30,54,172,38,10,64,india
801,Dance Monkey,Tones and I,australian pop,2019,31/12/1969,98,59,82,-6,15,51,209,69,9,100,israel
496,Daniela,Rodolfo Aicardi,classic colombian pop,2012,31/12/1969,142,56,62,-7,18,93,198,52,3,51,colombia
681,Dans l'univers,Nekfeu,french hip hop,2019,31/12/1969,132,42,64,-10,14,20,244,33,17,75,france
427,Der Bratan bleibt der gleiche,Capital Bra,german hip hop,2019,31/12/1969,96,70,61,-4,57,67,192,13,37,83,germany
296,Desconocidos,Mau y Ricky,latin,2019,31/12/1969,174,75,72,-5,21,68,205,12,18,79,bolivia
298,Detente,Mike Bahía,colombian pop,2019,31/12/1969,172,59,74,-5,11,36,182,27,35,77,bolivia
727,"Dheeme Dheeme (From ""Pati Patni Aur Woh"")",Tony Kakkar,desi pop,2019,31/12/1969,110,97,80,-2,35,69,177,15,4,68,india
688,Distant,Maes,french hip hop,2019,31/12/1969,105,73,75,-6,7,49,162,56,19,72,france
569,"DJ No Pare (feat. Zion, Dalex, Lenny Tavárez) - Remix",Justin Quiles,latin,2019,31/12/1969,170,71,74,-4,8,83,259,5,9,88,spain
30,Do They Know It's Christmas? - 1984 Version,Band Aid,NA,2004,31/12/1969,115,64,60,-7,10,35,223,16,4,87,world
635,Do You Hear What I Hear? - Remastered 2006,Bing Crosby,adult standards,2006,31/12/1969,102,25,57,-15,20,41,166,81,3,84,usa
343,Dois Lados,Wesley Safadão,forro,2019,31/12/1969,160,85,66,-4,10,93,147,42,5,77,brazil
737,"Don't Be Shy Again (From ""Bala"")",Sachin-Jigar,desi pop,2019,31/12/1969,105,91,80,-4,31,91,164,10,6,65,india
9,Don't Start Now,Dua Lipa,dance pop,2019,31/12/1969,124,79,79,-5,10,68,183,1,8,97,world
45,Driving Home for Christmas - 2019 Remaster,Chris Rea,album rock,1987,31/12/1969,180,58,51,-11,18,87,242,36,4,83,world
481,Dulce Pecado,Jessi Uribe,colombian pop,2019,31/12/1969,176,51,64,-4,13,77,175,61,5,63,colombia
586,Easy - Remix,Jhay Cortez,latin,2019,31/12/1969,94,75,89,-4,15,44,220,19,9,81,spain
736,"Ek Toh Kum Zindagani (From ""Marjaavaan"")",Neha Kakkar,desi pop,2019,31/12/1969,128,97,67,-2,6,72,190,6,9,67,india
149,El Bombón,Los Palmeras,argentine rock,2016,31/12/1969,164,77,74,-5,8,87,204,20,6,63,argentina
129,"El Favor (with Nicky Jam & Sech, feat. Farruko, Zion & Lunay)",Dimelo Flow,latin,2019,31/12/1969,88,65,75,-3,11,48,233,11,7,85,argentina
487,El Hijo Ausente,Pastor Lopez,cumbia,2012,31/12/1969,107,73,76,-6,13,85,173,63,6,54,colombia
498,El Jornalero (El Hijo de Tuta),Lisandro Meza,cumbia,2001,31/12/1969,95,72,85,-5,16,96,244,7,6,49,colombia
328,Ela Vem,MC G15,brega funk,2019,31/12/1969,185,63,62,-7,7,59,197,62,55,81,brazil
690,Elle est bonne sa mère,Vegedream,francoton,2019,31/12/1969,105,74,79,-5,34,47,197,33,6,70,france
482,En Barranquilla Me Quedo,Joe Arroyo,cumbia,2009,31/12/1969,104,79,62,-6,9,75,312,18,5,63,colombia
332,Espaçosa Demais - Ao Vivo,Felipe Araújo,funk carioca,2018,31/12/1969,160,89,68,-4,23,71,179,38,8,80,brazil
956,everything i wanted,Billie Eilish,electropop,2019,31/12/1969,120,23,70,-14,11,24,245,90,10,98,malasya
378,Fairytale of New York (feat. Kirsty MacColl),The Pogues,celtic punk,1988,31/12/1969,119,65,32,-6,24,47,272,50,3,86,canada
346,Fake News - Ao Vivo,Gustavo Mioto,sertanejo,2019,31/12/1969,114,64,80,-3,97,73,175,47,5,70,brazil
981,Falling,Harry Styles,dance pop,2019,31/12/1969,110,27,57,-7,9,6,240,84,3,88,malasya
530,Fantasía,Ozuna,latin,2019,31/12/1969,180,72,70,-6,9,78,175,23,9,84,chile
106,Fantasias,Rauw Alejandro,latin,2019,31/12/1969,94,70,88,-4,6,79,200,14,7,93,argentina
996,Feelings,Lauv,pop,2019,31/12/1969,103,47,69,-7,10,25,190,9,4,73,malasya
79,Feliz Navidad,José Feliciano,latin pop,2001,31/12/1969,149,86,49,-7,35,96,182,53,4,85,africa
312,Ferida Curada,Zé Neto & Cristiano,sertanejo universitario,2019,31/12/1969,146,85,49,-3,21,55,159,49,10,83,brazil
717,Filhall,B Praak,desi pop,2019,31/12/1969,80,66,53,-4,13,59,255,61,6,74,india
341,Fingindo Maturidade - Ao Vivo,Mano Walter,forro,2019,31/12/1969,166,92,58,-3,94,74,189,29,10,77,brazil
97,Fire,DJ Big Sky,NA,2019,31/12/1969,114,56,65,-7,5,64,463,2,21,47,africa
285,FLZ N.,,latin pop,2001,31/12/1969,149,86,49,-7,35,96,182,53,4,85,bolivia
130,Fresa,TINI,latin pop,2019,31/12/1969,96,87,78,-3,10,86,166,22,9,83,argentina
872,fuck 3x,tha Supreme,trap italiana,2019,31/12/1969,180,81,66,-5,11,69,161,7,8,82,italy
598,Fuera De Mi Mente,Lérica,spanish pop,2019,31/12/1969,94,94,74,-2,5,70,181,17,10,73,spain
615,Futsal Shuffle 2020,Lil Uzi Vert,melodic rap,2019,31/12/1969,137,46,88,-8,23,30,199,3,16,90,usa
309,Gaiola É o Troco,MC Du Black,funk carioca,2019,31/12/1969,150,84,72,-3,11,85,187,42,8,84,brazil
896,GANG (feat. Geolier),Samurai Jay,italian hip hop,2019,31/12/1969,95,46,80,-11,21,58,162,4,24,75,italy
700,Gasolina (feat. Gambi),Hamza,belgian hip hop,2019,31/12/1969,130,61,95,-8,12,72,179,28,19,52,france
715,"Ghungroo (From ""War"")",Arijit Singh,desi pop,2019,31/12/1969,118,73,70,-6,53,86,303,7,3,75,india
888,Gigolò (feat. Sfera Ebbasta & Capo Plaza),Lazza,italian hip hop,2019,31/12/1969,98,63,80,-9,9,39,164,9,14,77,italy
698,God Bless (feat. Damso),Hamza,belgian hip hop,2019,31/12/1969,83,57,86,-10,6,23,162,1,12,57,france
493,Golpe Con Golpe,Pastor Lopez,cumbia,2012,31/12/1969,102,62,75,-7,6,97,214,60,6,53,colombia
971,Goodbyes (feat. Young Thug),Post Malone,dfw rap,2019,31/12/1969,150,65,55,-4,10,16,175,46,8,92,malasya
138,Goteo,Duki,argentine hip hop,2019,31/12/1969,108,78,47,-4,19,44,164,19,4,73,argentina
908,Gurenge,LiSA,anime rock,2019,31/12/1969,135,98,55,-3,8,31,239,0,15,73,japan
999,Haa Tepok,MeerFly,malaysian hip hop,2019,31/12/1969,87,50,85,-12,15,68,211,66,31,65,malasya
936,Hakujitsu,King Gnu,j-pop,2019,31/12/1969,93,90,61,-3,29,75,275,67,11,56,japan
429,Hallelujah,Pentatonix,a cappella,2016,31/12/1969,119,38,32,-7,34,37,269,45,4,82,germany
771,Halu,Feby Putri,NA,2019,31/12/1969,116,25,34,-15,11,10,266,87,4,79,indonesia
915,HANABI,Mr.Children,j-pop,2008,31/12/1969,112,77,64,-6,12,60,343,16,3,68,japan
874,Happy Xmas (War Is Over),Céline Dion,canadian pop,1998,31/12/1969,172,60,34,-5,28,16,255,45,3,82,italy
587,Hasta Que Salga el Sol,Ozuna,latin,2019,31/12/1969,96,82,83,-5,13,60,188,2,7,81,spain
749,"Hauli Hauli (From ""De De Pyaar De"")",Garry Sandhu,bhangra,2019,31/12/1969,95,98,71,-3,34,57,209,2,8,56,india
197,Have Yourself A Merry Little Christmas,Ella Fitzgerald,adult standards,1960,31/12/1969,112,25,61,-9,22,48,176,96,4,73,australia
669,Hé oh,Gambi,pop urbaine,2019,31/12/1969,105,59,83,-5,20,54,178,7,15,79,france
708,Heartless,The Weeknd,canadian contemporary r&b,2019,31/12/1969,170,75,53,-6,12,20,200,1,11,94,india
810,HIGHEST IN THE ROOM,Travis Scott,rap,2019,31/12/1969,76,43,60,-9,21,6,176,5,3,96,israel
944,Hikoutei,King Gnu,j-pop,2019,31/12/1969,80,85,47,-3,33,49,262,4,5,50,japan
308,Hit Contagiante,Felipe Original,brega funk,2019,31/12/1969,170,68,82,-7,9,96,137,13,12,84,brazil
248,Hoe Het Danst,Marco Borsato,dutch cabaret,2019,31/12/1969,130,86,69,-3,19,42,253,6,5,75,belgium
568,Hola - Remix,Dalex,latin,2019,31/12/1969,182,67,65,-6,8,34,250,47,31,89,spain
897,Holly & Benji (feat. Capo Plaza & Shiva),AVA,italian hip hop,2019,31/12/1969,78,79,42,-6,11,50,220,1,27,74,italy
992,Holly Jolly Christmas,Michael Bublé,adult standards,2011,31/12/1969,151,43,61,-9,9,74,122,86,4,82,malasya
707,hot girl bummer,blackbear,pop,2019,31/12/1969,130,56,78,-7,40,68,185,13,8,96,india
966,How Do You Sleep?,Sam Smith,pop,2019,31/12/1969,111,68,48,-5,8,35,202,15,9,93,malasya
200,How to Make Gravy,Paul Kelly,australian alternative rock,2019,31/12/1969,95,72,40,-7,25,39,269,6,4,45,australia
765,I Don't Care (with Justin Bieber),Ed Sheeran,pop,2019,31/12/1969,102,68,80,-5,9,84,220,9,4,85,indonesia
772,I Love You 3000,Stephanie Poetri,indonesian pop,2019,31/12/1969,90,38,65,-8,39,41,210,91,4,79,indonesia
790,I Love You but I'm Letting Go,Pamungkas,indonesian indie,2018,31/12/1969,80,32,39,-9,11,13,220,97,3,71,indonesia
633,I Saw Mommy Kissing Santa Claus,The Jackson 5,adult standards,1970,31/12/1969,129,71,58,-8,82,61,181,26,5,84,usa
983,I.F.L.Y.,Bazzi,pop,2019,31/12/1969,105,52,81,-5,13,55,166,38,4,87,malasya
731,Ik Tera,Maninder Buttar,desi pop,2019,31/12/1969,93,71,83,-5,11,49,161,10,7,68,india
85,I'll Be Home for Christmas,Michael Bublé,adult standards,2011,31/12/1969,82,11,25,-14,16,15,268,94,3,78,africa
542,Imaginaste - Remix,Jhay Cortez,latin,2019,31/12/1969,90,71,85,-5,34,60,247,4,9,79,chile
444,In der Weihnachtsbäckerei,Rolf Zuckowski,german pop,1987,31/12/1969,146,45,82,-9,20,92,173,49,4,72,germany
563,Indeciso,Reik,latin,2019,31/12/1969,95,75,74,-5,11,90,217,18,5,90,spain
544,Infeliz,Arcangel,latin,2019,31/12/1969,176,80,71,-3,25,72,221,37,22,74,chile
979,Into the Unknown,Idina Menzel,hollywood,2019,31/12/1969,145,41,32,-9,14,27,195,85,4,88,malasya
317,Invocada (Participação especial de Léo Santana) - Ao vivo,Ludmilla,baile pop,2019,31/12/1969,135,86,78,-4,93,70,157,48,5,82,brazil
990,It's Beginning to Look a Lot like Christmas,Michael Bublé,adult standards,2011,31/12/1969,93,22,33,-11,34,36,207,88,3,84,malasya
16,It's the Most Wonderful Time of the Year,Andy Williams,adult standards,1963,31/12/1969,202,60,24,-8,12,78,152,77,4,92,world
759,It's You,Ali Gatie,canadian hip hop,2019,31/12/1969,96,46,73,-7,19,40,213,37,3,90,indonesia
729,"Jai Jai Shivshankar (From ""War"")",Vishal Dadlani,desi pop,2019,31/12/1969,129,90,83,-5,7,53,231,26,8,68,india
680,Jamais,Mister V,french hip hop,2019,31/12/1969,150,67,64,-7,11,79,192,43,9,75,france
94,Jerusalem,Master KG,kwaito house,2019,31/12/1969,124,47,88,-7,6,84,343,2,5,51,africa
972,Jingle Bell Rock,Bobby Helms,adult standards,1992,31/12/1969,120,42,75,-8,7,81,131,64,4,92,malasya
387,Joy To The World,Nat King Cole,adult standards,1962,31/12/1969,102,34,55,-10,11,66,85,82,3,84,canada
743,"Kaise Hua (From ""Kabir Singh"")",Vishal Mishra,desi pop,2019,31/12/1969,138,46,39,-7,11,15,235,45,4,62,india
733,Kalank (Title Track),Arijit Singh,desi pop,2019,31/12/1969,118,55,57,-8,9,44,311,52,4,68,india
449,KARMA,Nimo,german hip hop,2019,31/12/1969,160,64,69,-6,33,53,255,14,8,59,germany
791,Kartonyono Medot Janji,Denny Caknan,NA,2019,31/12/1969,130,78,73,-6,21,75,262,31,3,71,indonesia
448,KEIN SCHLAF,Nimo,german hip hop,2019,31/12/1969,174,70,61,-6,12,43,200,31,17,61,germany
442,Keine Liebe,RIN,german cloud rap,2019,31/12/1969,104,80,80,-5,31,57,198,13,4,72,germany
793,Kenangan Manis,Pamungkas,indonesian indie,2018,31/12/1969,140,68,60,-7,9,72,208,5,3,69,indonesia
495,La Burrita,Los Corraleros De Majagual,cumbia,2012,31/12/1969,127,63,86,-5,8,95,157,46,10,51,colombia
596,La Cama,Lunay,latin,2019,31/12/1969,174,90,70,-3,18,82,189,20,6,74,spain
508,LA CANCIÓN,J Balvin,latin,2019,31/12/1969,176,65,75,-6,11,43,243,15,32,93,chile
150,La Cola,Los Palmeras,argentine rock,2016,31/12/1969,93,79,78,-5,12,87,169,36,6,63,argentina
300,La Difícil,Camilo,colombian pop,2019,31/12/1969,65,36,68,-7,16,55,159,67,11,71,bolivia
485,La Noche,Joe Arroyo,cumbia,1999,31/12/1969,106,68,73,-5,6,83,264,25,4,55,colombia
590,La Rubia - Remix 2,La Nueva Escuela,dembow,2019,31/12/1969,110,72,76,-4,38,75,211,32,13,77,spain
676,La vie qu'on mène,Ninho,french hip hop,2019,31/12/1969,113,76,80,-4,11,46,193,69,4,76,france
90,Labantwana Ama Uber,Semi Tee,amapiano,2019,31/12/1969,112,62,87,-10,5,53,384,4,8,52,africa
813,Lalala,Y2K,pop rap,2019,31/12/1969,130,39,84,-8,14,50,161,18,8,93,israel
750,"Lamborghini (From ""Jai Mummy Di"")",Meet Bros.,desi pop,2019,31/12/1969,NA,NA,NA,NA,NA,NA,247,NA,NA,48,india
499,Las Caleñas,Pastor Lopez Y Su Combo,cumbia,2010,31/12/1969,204,74,55,-7,8,94,212,34,10,48,colombia
491,Las Cuatro Fiestas,Diomedes Diaz,cumbia,2006,31/12/1969,131,92,51,-5,15,97,275,16,26,54,colombia
989,Last Christmas,Wham!,new wave pop,1984,31/12/1969,108,48,74,-12,36,95,263,19,3,85,malasya
776,Lebih Dari Egoku,Mawar De Jongh,indonesian pop,2019,31/12/1969,80,39,67,-8,10,33,249,74,3,77,indonesia
321,Lençol Dobrado,João Gustavo e Murilo,funk carioca,2018,31/12/1969,125,66,71,-5,33,67,179,36,4,81,brazil
660,Let It Snow! Let It Snow! Let It Snow!,Dean Martin,adult standards,1959,31/12/1969,134,24,45,-14,18,70,117,91,4,89,france
306,Liberdade Provisória,Henrique & Juliano,sertanejo universitario,2019,31/12/1969,108,68,67,-6,92,70,188,63,5,84,brazil
627,Like It's Christmas,Jonas Brothers,boy band,2019,31/12/1969,146,57,73,-6,5,61,201,2,10,87,usa
184,Little Saint Nick - 1991 Remix,The Beach Boys,baroque pop,1964,31/12/1969,131,55,60,-9,5,97,119,11,3,83,australia
770,Location Unknown <U+25D0> - Brooklyn Session,HONNE,uk pop,2019,31/12/1969,92,29,51,-7,8,40,328,94,4,80,indonesia
291,Loco,Beéle,NA,2019,31/12/1969,105,56,82,-6,5,77,204,16,17,82,bolivia
673,Loin de moi,Naza,francoton,2019,31/12/1969,97,46,89,-8,6,50,144,64,24,77,france
490,Loquito por Ti,Armando Hernandez,chicha,2012,31/12/1969,107,76,79,-4,5,86,287,41,12,54,colombia
95,Lorch,Kabza De Small,afro house,2019,31/12/1969,113,68,91,-10,7,41,375,17,6,50,africa
483,Los sabanales,Calixto Ochoa,cumbia,1971,31/12/1969,124,70,80,-6,3,78,162,10,4,58,colombia
959,Lose You To Love Me,Selena Gomez,dance pop,2019,31/12/1969,102,34,51,-9,21,9,206,58,4,97,malasya
100,"Love You Tonight (feat. DJ Maphorisa, Sha Sha & Kabza De Small)",Mfr Souls,afro house,2019,31/12/1969,115,68,82,-8,6,68,353,5,5,37,africa
982,Lover (Remix) [feat. Shawn Mendes],Taylor Swift,pop,2019,31/12/1969,205,60,45,-7,9,42,221,43,6,88,malasya
775,lowkey,NIKI,indie r&b,2019,31/12/1969,118,49,75,-8,9,23,171,43,6,78,indonesia
812,Lucid Dreams,Juice WRLD,chicago rap,2018,31/12/1969,84,57,51,-7,34,22,240,35,20,94,israel
882,m12ano - feat. Mara Sattei,tha Supreme,trap italiana,2019,31/12/1969,65,51,58,-6,8,48,188,4,4,78,italy
899,m8nstar,tha Supreme,trap italiana,2019,31/12/1969,165,76,58,-6,11,44,165,5,4,73,italy
679,Ma belle,Moha La Squale,french hip hop,2019,31/12/1969,82,66,74,-6,9,47,158,76,6,76,france
692,Ma vie,Dadju,francoton,2019,31/12/1969,201,50,51,-8,16,32,209,12,8,68,france
940,Machigaisagashi,Masaki Suda,anime rock,2019,31/12/1969,156,64,53,-6,39,44,224,52,4,53,japan
718,Makhna,Tanishk Bagchi,desi pop,2019,31/12/1969,125,70,70,-8,16,43,183,17,4,73,india
682,Maman ne le sait pas (feat. Niska),Ninho,french hip hop,2019,31/12/1969,145,88,76,-6,12,39,203,40,19,75,france
546,Mami,Paloma Mami,latin pop,2019,31/12/1969,95,72,80,-6,17,51,195,15,5,73,chile
686,Marie,Koba LaD,french hip hop,2019,31/12/1969,132,75,78,-6,12,68,195,12,4,74,france
194,Mary's Boy Child / Oh My Lord,Boney M.,disco,2017,31/12/1969,113,72,78,-9,20,93,241,28,4,75,australia
674,Mayday (feat. Ninho),SCH,french hip hop,2019,31/12/1969,152,60,61,-8,9,25,210,61,36,77,france
142,Me Vas a Extrañar - En Vivo,Damas Gratis,cumbia villera,2018,31/12/1969,88,81,42,-5,70,64,239,32,4,71,argentina
761,Mean It,Lauv,pop,2019,31/12/1969,96,45,75,-9,17,34,233,4,9,89,indonesia
685,Méchant,Niska,french hip hop,2019,31/12/1969,98,80,53,-4,37,41,191,33,34,74,france
642,Mele Kalikimaka (Merry Christmas),Bing Crosby,adult standards,1945,31/12/1969,202,22,50,-12,28,62,175,65,9,82,usa
952,Memories,Maroon 5,pop,2019,31/12/1969,91,32,76,-7,8,57,189,84,5,99,malasya
320,menina solta,Giulia Be,pop nacional,2019,31/12/1969,92,56,63,-7,16,67,150,33,8,82,brazil
738,"Mere Sohneya (From ""Kabir Singh"")",Sachet Tandon,desi pop,2019,31/12/1969,136,64,38,-6,22,65,193,56,4,64,india
446,Merry Christmas Everyone,Shakin' Stevens,new wave pop,1997,31/12/1969,102,71,76,-10,8,96,224,16,3,69,germany
437,Merry Xmas Everybody,Slade,album rock,1973,31/12/1969,130,80,41,-3,18,47,223,22,4,79,germany
344,"Mil Anos - Recorded At Mosh Studios, São Paulo",Jorge & Mateus,sertanejo,2019,31/12/1969,135,70,62,-8,8,45,189,29,7,74,brazil
997,Mimpi (feat. Alif),K-Clique,malaysian indie,2019,31/12/1969,150,73,83,-7,10,87,253,53,29,66,malasya
970,Mistletoe,Justin Bieber,canadian pop,2011,31/12/1969,162,56,66,-9,8,85,183,50,5,92,malasya
643,Mistletoe And Holly - Remastered 1999,Frank Sinatra,adult standards,1957,31/12/1969,110,10,61,-14,8,34,136,80,4,81,usa
440,Mit Dir,Loredana,kosovan pop,2019,31/12/1969,196,53,75,-6,6,64,158,16,34,75,germany
693,Mortel,Koba LaD,french hip hop,2019,31/12/1969,154,69,58,-6,10,66,204,15,46,67,france
667,Moulaga,Heuss L'enfoiré,french hip hop,2019,31/12/1969,125,70,71,-5,10,48,180,33,10,79,france
748,"Mummy Nu Pasand (From ""Jai Mummy Di"")",Sunanda Sharma,desi pop,2019,31/12/1969,94,97,78,0,35,80,185,1,11,57,india
744,"Muqabla (From ""Street Dancer 3D"")",Yash Narvekar,desi pop,2019,31/12/1969,120,91,80,-3,39,54,176,2,9,61,india
710,My Oh My (feat. DaBaby),Camila Cabello,dance pop,2019,31/12/1969,105,49,72,-6,9,38,171,2,3,91,india
423,My Only Wish (This Year),Britney Spears,dance pop,2019,31/12/1969,147,73,67,-7,20,68,255,23,3,84,germany
735,"Naah Goriye (From ""Bala"")",B Praak,desi pop,2019,31/12/1969,100,77,82,-2,6,72,185,46,6,67,india
91,Nana Thula,Kabza De Small,afro house,2019,31/12/1969,114,52,77,-14,4,59,439,0,5,52,africa
548,"Navidad, Navidad",Luis Miguel,bolero,2006,31/12/1969,173,84,52,-4,16,75,155,36,15,69,chile
245,Ne reviens pas,Gradur,french hip hop,2019,31/12/1969,125,78,93,-3,17,93,189,21,6,78,belgium
820,Never Go Back,Dennis Lloyd,israeli pop,2019,31/12/1969,79,65,42,-5,11,73,175,1,40,76,israel
187,Never Seen The Rain,Tones and I,australian pop,2019,31/12/1969,92,46,67,-6,28,27,201,43,4,81,australia
819,Nevermind,Dennis Lloyd,israeli pop,2017,31/12/1969,100,69,60,-8,41,8,157,16,20,81,israel
145,No Dijeron Nada,Oscu,trap argentino,2019,31/12/1969,115,71,70,-5,51,91,187,8,5,68,argentina
976,No Idea,Don Toliver,rap,2019,31/12/1969,128,61,66,-5,22,35,154,56,10,90,malasya
571,No Me Conoce - Remix,Jhay Cortez,latin,2019,31/12/1969,92,79,81,-4,9,58,309,14,7,88,spain
143,No Te Creas Tan Importante - En Vivo,Damas Gratis,cumbia villera,2018,31/12/1969,175,76,30,-5,88,67,240,20,4,70,argentina
538,No Te Debí Besar,C. Tangana,trap espanol,2019,31/12/1969,75,68,67,-6,18,62,183,13,32,82,chile
890,Non Avere Paura,Tommaso Paradiso,italian arena pop,2019,31/12/1969,105,68,57,-6,11,24,247,43,4,77,italy
297,Nunca Es Suficiente,Los Angeles Azules,grupera,2018,31/12/1969,94,50,80,-6,9,80,266,39,4,78,bolivia
439,Nur zur Info,Ufo361,german cloud rap,2019,31/12/1969,89,37,73,-12,11,23,142,17,44,75,germany
746,"O Saki Saki (From ""Batla House"")",Neha Kakkar,desi pop,2019,31/12/1969,108,96,74,0,36,57,191,16,7,60,india
646,O Tannenbaum,Vince Guaraldi Trio,adult standards,1965,31/12/1969,123,19,58,-16,13,34,309,91,4,79,usa
889,occh1 purpl3 - feat. Marracash,tha Supreme,trap italiana,2019,31/12/1969,134,81,66,-5,16,55,188,9,16,77,italy
148,Ocho Cuarenta,Rodrigo,argentine rock,1998,31/12/1969,148,70,61,-10,30,85,355,8,3,64,argentina
494,Ojitos Hechiceros,Rodolfo Aicardi,classic colombian pop,2012,31/12/1969,107,69,79,-7,14,62,220,11,4,52,colombia
147,Olvídala,Los Palmeras,argentine rock,2004,31/12/1969,132,69,77,-5,27,52,290,31,5,65,argentina
714,On My Way,Alan Walker,electro house,2019,31/12/1969,170,69,51,-5,30,30,194,2,10,84,india
785,One Only,Pamungkas,indonesian indie,2018,31/12/1969,145,52,25,-6,9,11,255,22,3,74,indonesia
570,Otro Trago - Remix,Sech,panamanian pop,2019,31/12/1969,176,79,73,-2,6,76,288,7,20,88,spain
668,Oui ou non,Angèle,belgian pop,2019,31/12/1969,200,57,65,-8,16,36,197,64,14,79,france
133,Oye,TINI,latin pop,2019,31/12/1969,95,51,68,-8,18,26,173,45,6,83,argentina
282,Pa Mí - Remix,Dalex,latin,2019,31/12/1969,170,62,69,-8,16,73,361,75,22,86,bolivia
278,Pa' Olvidarme De Ella,Piso 21,colombian pop,2019,31/12/1969,90,54,73,-5,14,64,227,26,5,87,bolivia
721,"Pachtaoge (From ""Jaani Ve"")",Arijit Singh,desi pop,2019,31/12/1969,170,69,52,-4,12,48,227,62,3,71,india
723,Pal Pal Dil Ke Paas- Title Track,Arijit Singh,desi pop,2019,31/12/1969,124,51,56,-7,6,39,255,59,3,69,india
948,Paprika,Foorin,kodomo no ongaku,2018,31/12/1969,101,77,75,-5,77,73,208,14,4,46,japan
330,"Para, Pensa e Volta - Ao Vivo",Yasmin Santos,sertanejo pop,2019,31/12/1969,112,79,61,-3,24,57,174,25,4,80,brazil
787,"Pelukku Untuk Pelikmu - OST Imperfect: Karier, Cinta, & Timbangan",Fiersa Besari,indonesian indie,2019,31/12/1969,125,83,53,-5,20,25,250,13,4,72,indonesia
792,Percaya Aku,Chintya Gabriella,NA,2019,31/12/1969,140,49,54,-8,20,30,232,74,3,71,indonesia
131,Perreo en La Luna,Rich Music LTD,reggaeton,2019,31/12/1969,174,76,71,-4,37,72,219,27,29,83,argentina
696,Petit Papa Noël,Tino Rossi,chanson,1998,31/12/1969,105,31,33,-9,6,42,196,99,3,61,france
537,Piensan,Myke Towers,latin,2019,31/12/1969,172,72,68,-4,11,79,173,54,6,82,chile
784,Pilu Membiru,Kunto Aji,indonesian indie,2018,31/12/1969,82,27,36,-11,12,5,252,89,3,75,indonesia
543,Piropo,Noriel,latin,2019,31/12/1969,94,75,87,-6,4,77,220,12,7,78,chile
880,Pookie (feat. Capo Plaza) - Remix,Aya Nakamura,basshall,2019,31/12/1969,98,62,84,-7,10,51,188,6,13,78,italy
665,Popopop,Gambi,pop urbaine,2019,31/12/1969,130,65,83,-6,14,41,156,5,31,82,france
594,Prendío,Rvfv,trap espanol,2019,31/12/1969,125,54,83,-10,13,90,190,17,9,76,spain
600,Prendio - Remix,Rvfv,trap espanol,2019,31/12/1969,125,76,75,-6,8,75,191,19,6,61,spain
935,Pretender,Official HIGE DANdism,anime rock,2019,31/12/1969,92,87,54,-3,14,37,327,5,3,56,japan
725,Proper Patola,Badshah,desi hip hop,2018,31/12/1969,172,82,77,-6,32,49,179,49,9,69,india
781,Psycho,Red Velvet,k-pop,2019,31/12/1969,140,67,66,-2,9,41,211,19,4,75,indonesia
345,quando a bad bater - ao vivo,Luan Santana,funk carioca,2019,31/12/1969,128,79,65,-5,53,53,180,30,4,71,brazil
319,Quando a vontade bater (Participação especial de PK Delas),Pk,brazilian edm,2019,31/12/1969,150,70,62,-6,15,70,166,54,25,82,brazil
315,Quarta Cadeira - Ao Vivo,Matheus & Kauan,pop nacional,2019,31/12/1969,76,82,56,-5,62,60,224,59,24,82,brazil
577,Que Calor (feat. J Balvin & El Alfa),Major Lazer,dance pop,2019,31/12/1969,126,89,80,-4,29,46,170,4,7,85,spain
287,Que Mas Pues - Remix,Sech,panamanian pop,2019,31/12/1969,113,66,65,-5,12,81,306,12,20,85,bolivia
474,Qué Pena,Maluma,latin,2019,31/12/1969,126,66,64,-6,34,86,213,10,36,87,colombia
274,QUE PRETENDES,J Balvin,latin,2019,31/12/1969,93,79,64,-4,36,94,222,3,25,88,bolivia
513,Que Tire Pa Lante,Daddy Yankee,latin,2019,31/12/1969,94,90,66,-3,12,71,211,5,4,91,chile
349,Quem Traiu Levou - Ao Vivo,Gusttavo Lima,sertanejo universitario,2019,31/12/1969,174,96,59,-2,32,83,154,32,8,66,brazil
113,Quizas,Rich Music LTD,reggaeton,2019,31/12/1969,176,82,73,-2,23,68,216,3,15,90,argentina
339,Relógio Parado (Ao Vivo),Diego & Arnaldo,sertanejo,2019,31/12/1969,125,94,74,-1,97,73,181,5,5,78,brazil
699,Reste,Maître Gims,french hip hop,2019,31/12/1969,100,54,75,-7,10,69,232,48,4,54,france
159,Ride It,Regard,pop edm,2019,31/12/1969,118,75,88,-4,11,88,158,18,9,95,australia
855,RITMO (Bad Boys For Life),The Black Eyed Peas,dance pop,2019,31/12/1969,105,72,72,-7,24,67,222,3,7,97,italy
968,Rockin' Around The Christmas Tree,Brenda Lee,adult standards,1964,31/12/1969,67,47,59,-9,51,90,126,61,5,93,malasya
664,Roses - Imanbek Remix,SAINt JHN,melodic rap,2019,31/12/1969,122,72,77,-5,35,90,177,2,5,85,france
2,ROXANNE,Arizona Zervas,pop rap,2019,31/12/1969,117,60,62,-6,46,46,164,5,15,99,world
424,Rudolph The Red-Nosed Reindeer,Dean Martin,adult standards,1959,31/12/1969,136,20,48,-17,9,86,136,92,3,84,germany
589,Rueda,Chimbala,dembow,2019,31/12/1969,130,92,89,-2,5,96,211,17,9,78,spain
32,Run Rudolph Run - Single Version,Chuck Berry,blues rock,1986,31/12/1969,152,72,68,-11,8,96,166,81,9,87,world
323,S de Saudade,Luíza & Maurílio,sertanejo pop,2019,31/12/1969,124,71,71,-4,13,79,175,62,5,81,brazil
724,Sakhiyaan,Maninder Buttar,desi pop,2018,31/12/1969,83,67,71,-6,20,36,179,30,4,69,india
99,Sandton,Kabza De Small,afro house,2019,31/12/1969,113,63,88,-12,10,59,412,15,15,45,africa
628,Santa Baby,Ariana Grande,dance pop,2013,31/12/1969,96,78,75,-6,28,77,171,5,14,87,usa
648,Santa Baby (with Henri René & His Orchestra),Eartha Kitt,adult standards,2002,31/12/1969,84,14,70,-12,19,49,206,90,6,76,usa
884,Santa Claus Is Comin' to Town,Frank Sinatra,adult standards,1994,31/12/1969,140,20,65,-12,31,69,155,83,6,78,italy
547,Santa Claus Llegó a La Ciudad,Luis Miguel,bolero,2006,31/12/1969,170,85,52,-2,33,72,116,38,19,70,chile
13,Santa Tell Me,Ariana Grande,dance pop,2014,31/12/1969,192,62,53,-7,29,59,204,5,12,95,world
742,Sauda Khara Khara,Diljit Dosanjh,desi pop,2019,31/12/1969,145,92,69,-3,11,88,211,9,6,63,india
942,Sayonara Elegy,Masaki Suda,anime rock,2018,31/12/1969,155,93,47,-3,28,62,257,0,5,51,japan
595,Se iluminaba,Fred De Palma,italian arena pop,2019,31/12/1969,124,69,79,-5,7,62,174,8,6,74,spain
337,Se Prepara 2,Mc Livinho,funk carioca,2019,31/12/1969,130,45,65,-9,11,36,147,11,52,79,brazil
798,Secukupnya,Hindia,indonesian indie,2019,31/12/1969,102,80,73,-5,35,93,205,19,3,65,indonesia
782,Selamat (Selamat Tinggal),Virgoun,indonesian pop,2019,31/12/1969,80,58,36,-9,12,37,314,52,3,75,indonesia
310,SENTADÃO,Pedro Sampaio,baile pop,2019,31/12/1969,174,87,68,-2,22,92,143,18,6,83,brazil
318,Sentou e Gostou,MC JottaPê,funk carioca,2019,31/12/1969,131,67,70,-3,9,72,163,26,40,82,brazil
977,Señorita,Shawn Mendes,canadian pop,2019,31/12/1969,117,55,76,-6,8,75,191,4,3,89,malasya
324,Serenata - Ao Vivo,Marília Mendonça,sertanejo,2019,31/12/1969,132,71,71,-6,97,74,156,10,9,81,brazil
734,"Shaitan Ka Saala (From ""Housefull 4"")",Sohail Sen,desi pop,2019,31/12/1969,100,77,84,-5,37,34,147,28,19,67,india
906,Shape of You,Ed Sheeran,pop,2017,31/12/1969,96,65,83,-3,9,93,234,58,8,87,japan
939,Shukumei,Official HIGE DANdism,anime rock,2019,31/12/1969,164,58,55,-6,11,49,281,2,3,53,japan
597,Si por mi fuera,Beret,spanish hip hop,2019,31/12/1969,150,75,70,-6,10,88,209,3,3,73,spain
526,Si Se Da - Remix,Myke Towers,latin,2019,31/12/1969,94,67,82,-6,13,77,332,44,30,85,chile
539,Si Supieras,Daddy Yankee,latin,2019,31/12/1969,184,89,69,-2,10,62,242,29,12,82,chile
114,Si Te Vas,Sech,panamanian pop,2019,31/12/1969,174,64,73,-4,14,55,205,9,13,90,argentina
582,Sigues Con El,Dimelo Flow,latin,2019,31/12/1969,88,67,88,-3,7,68,227,11,11,83,spain
450,Skifahren,The Cratez,german hip hop,2019,31/12/1969,134,71,72,-7,15,44,163,22,25,51,germany
647,Sleigh Ride,The Ronettes,adult standards,2019,31/12/1969,92,77,53,-7,32,85,181,40,3,77,usa
768,So Am I,Ava Max,dance pop,2019,31/12/1969,130,66,68,-5,35,61,183,7,4,84,indonesia
879,Soldi in Nero - feat. Sfera Ebbasta,Shiva,italian hip hop,2019,31/12/1969,158,66,75,-5,17,35,184,15,28,79,italy
340,Solteiro Não Trai - Ao Vivo,Gustavo Mioto,sertanejo,2018,31/12/1969,158,83,49,-3,96,60,187,48,20,78,brazil
134,Soltera - Remix,Lunay,latin,2019,31/12/1969,92,78,80,-4,44,80,266,36,4,80,argentina
960,Someone You Loved,Lewis Capaldi,pop,2019,31/12/1969,110,41,50,-6,11,45,182,75,3,96,malasya
500,Sorbito De Champagne - Digitally Remastered Original,Pastor Lopez,cumbia,2006,31/12/1969,112,79,79,-4,4,70,211,64,4,45,colombia
144,Soy Sabalero,Los Palmeras,argentine rock,2019,31/12/1969,132,85,78,-5,8,85,180,8,6,68,argentina
799,Speechless (Full),Naomi Scott,hollywood,2019,31/12/1969,125,49,47,-8,12,23,209,47,3,65,indonesia
945,Stand By You,Official HIGE DANdism,anime rock,2019,31/12/1969,154,87,61,-5,28,63,256,1,4,49,japan
445,STAR,Nimo,german hip hop,2019,31/12/1969,108,82,81,-5,17,60,162,38,9,71,germany
33,Step Into Christmas,Elton John,glam rock,1973,31/12/1969,140,93,53,-6,31,82,272,10,4,87,world
683,Street,Maes,french hip hop,2019,31/12/1969,148,30,66,-20,21,49,185,30,8,74,france
96,Sukendleleni,Jobe London,afro house,2019,31/12/1969,112,72,88,-6,5,24,415,5,5,50,africa
713,Sunflower - Spider-Man: Into the Spider-Verse,Post Malone,dfw rap,2019,31/12/1969,90,52,76,-4,7,93,158,53,6,88,india
304,Supera - Ao Vivo,Marília Mendonça,sertanejo,2019,31/12/1969,132,74,67,-4,96,66,148,6,6,85,brazil
875,SUPREME - L'ego (feat. tha Supreme & Sfera Ebbasta),Marracash,italian hip hop,2019,31/12/1969,141,66,66,-6,13,51,223,7,6,81,italy
303,Surtada - Remix Brega Funk,Dadá Boladão,brega funk,2019,31/12/1969,154,55,83,-7,18,88,153,25,6,86,brazil
881,sw1n6o - feat. Salmo,tha Supreme,trap italiana,2019,31/12/1969,170,83,57,-6,79,79,184,12,9,78,italy
488,Tabaco y Ron,Rodolfo Aicardi,classic colombian pop,2012,31/12/1969,103,77,76,-7,11,96,243,18,4,54,colombia
800,Tak Ingin Pisah Lagi,Marion Jola,indonesian pop,2019,31/12/1969,95,40,66,-6,14,34,266,58,3,64,indonesia
769,Takeaway,The Chainsmokers,electropop,2019,31/12/1969,100,51,53,-8,10,35,210,13,3,83,indonesia
135,Tal Vez,Paulo Londra,argentine hip hop,2019,31/12/1969,162,65,86,-2,8,74,264,25,15,80,argentina
780,Tanpa Tergesa,Juicy Luicy,indonesian pop,2018,31/12/1969,96,29,70,-7,11,45,218,31,3,76,indonesia
576,Te Quemaste,Manuel Turizo,colombian pop,2019,31/12/1969,176,77,73,-2,29,72,199,61,13,85,spain
284,Te Vi,Piso 21,colombian pop,2018,31/12/1969,102,78,88,-4,9,71,232,4,12,85,bolivia
949,Teenager Forever,King Gnu,j-pop,2019,31/12/1969,115,92,50,-4,34,70,189,7,11,39,japan
89,Tender Love (feat. DJ Maphorisa & Kabza De Small),Sha Sha,afro house,2019,31/12/1969,113,39,85,-14,5,45,444,1,6,53,africa
747,"Tera Ban Jaunga (From ""Kabir Singh"")",Akhil Sachdeva,desi pop,2019,31/12/1969,94,53,61,-6,13,40,236,82,2,59,india
189,Thank God It's Christmas - Non-Album Single,Queen,glam rock,1984,31/12/1969,83,42,30,-9,23,34,262,21,3,80,australia
443,The Best Side Of Life,Sarah Connor,german pop,2006,31/12/1969,91,63,63,-5,12,55,229,56,3,72,germany
366,The Box,Roddy Ricch,melodic rap,2019,31/12/1969,117,59,90,-7,79,64,197,10,6,89,canada
616,The Christmas Song (Merry Christmas To You),Nat King Cole,adult standards,1962,31/12/1969,79,21,32,-15,14,21,192,92,3,89,usa
250,This Christmas,Donny Hathaway,chicago soul,1971,31/12/1969,93,65,63,-9,25,68,231,29,4,59,belgium
877,Ti volevo dedicare (feat. J-AX & Boomdabash),Rocco Hunt,italian hip hop,2019,31/12/1969,120,73,75,-6,19,27,208,1,7,80,italy
311,Tijolão - Ao Vivo,Jorge & Mateus,sertanejo,2019,31/12/1969,119,88,64,-4,34,69,175,47,20,83,brazil
350,Tiro Certo - Ao Vivo,Zé Felipe,funk carioca,2019,31/12/1969,130,91,71,-5,71,69,179,56,7,65,brazil
334,To Voando Alto,Mc Poze do Rodo,funk carioca,2019,31/12/1969,145,68,89,-3,8,80,137,31,17,80,brazil
325,Todo Mundo Vai Sofrer - Ao Vivo,Marília Mendonça,sertanejo,2019,31/12/1969,111,74,62,-4,41,58,155,28,7,81,brazil
774,Tolong,Budi Doremi,indonesian pop,2018,31/12/1969,136,20,44,-12,10,24,250,89,4,78,indonesia
484,Traicionera,Pastor Lopez,cumbia,2012,31/12/1969,130,59,78,-5,19,96,215,53,4,55,colombia
739,"Tu Hi Yaar Mera (From ""Pati Patni Aur Woh"")",Rochak,desi pop,2019,31/12/1969,87,38,72,-8,13,48,201,59,6,64,india
722,"Tujhe Kitna Chahne Lage (From ""Kabir Singh"")",Arijit Singh,desi pop,2019,31/12/1969,70,40,43,-8,11,31,285,74,4,69,india
716,"Tum Hi Aana (From ""Marjaavaan"")",Payal Dev,modern bollywood,2019,31/12/1969,90,40,47,-7,15,35,249,63,2,74,india
918,Turning Up,ARASHI,j-pop,2019,31/12/1969,118,82,77,-5,24,90,183,2,10,68,japan
555,Tusa,KAROL G,latin,2019,31/12/1969,101,72,80,-3,6,57,201,30,30,96,spain
892,Tutto Questo Sei Tu,Ultimo,italian pop,2019,31/12/1969,162,51,45,-6,11,42,245,44,3,76,italy
112,Tutu,Camilo,colombian pop,2019,31/12/1969,146,83,73,-3,7,94,179,27,5,90,argentina
943,Umbrella,King Gnu,j-pop,2019,31/12/1969,105,90,65,-3,5,70,202,38,8,51,japan
93,Umlilo,DJ Zinhle,kwaito,2019,31/12/1969,125,70,70,-5,8,62,237,27,3,52,africa
694,Un million par mois,Djadja & Dinaz,french hip hop,2019,31/12/1969,135,54,76,-6,13,72,189,66,5,67,france
678,Un peu de haine,PLK,french hip hop,2019,31/12/1969,134,66,77,-7,22,42,168,44,6,76,france
146,Una Cerveza,Rafaga,cumbia chilena,2016,31/12/1969,98,91,75,-2,9,76,241,32,5,67,argentina
293,Una Vida Para Recordar,Piso 21,colombian pop,2019,31/12/1969,182,78,70,-3,12,48,215,7,20,81,bolivia
893,Una volta ancora (feat. Ana Mena),Fred De Palma,italian arena pop,2019,31/12/1969,124,64,77,-5,10,59,174,8,6,76,italy
26,Underneath the Tree,Kelly Clarkson,dance pop,2013,31/12/1969,160,81,51,-5,21,69,230,0,5,88,world
821,Unfaithful,Dennis Lloyd,israeli pop,2019,31/12/1969,76,57,64,-5,25,42,141,1,5,69,israel
732,Vaaste,Dhvani Bhanushali,desi pop,2019,31/12/1969,90,48,44,-6,10,32,196,45,4,68,india
745,Ve Maahi,Arijit Singh,desi pop,2019,31/12/1969,103,55,65,-7,22,29,224,41,3,61,india
850,Ve'Eem Tavo'ee Elay (And If You Will Come To Me),Idan Raichel,classic israeli pop,2019,31/12/1969,112,88,73,-5,10,23,213,50,3,43,israel
326,Verdinha,Ludmilla,baile pop,2019,31/12/1969,138,95,85,-4,12,63,160,35,12,81,brazil
529,Verte Ir,DJ Luian,latin,2019,31/12/1969,96,65,86,-4,8,55,268,39,10,85,chile
557,Vete,Bad Bunny,latin,2019,31/12/1969,92,67,89,-4,10,53,192,4,19,94,spain
497,Víspera de Año Nuevo,Guillermo Buitrago,classic colombian pop,2012,31/12/1969,100,83,60,-6,8,98,150,85,13,49,colombia
447,Vor der Tür,Gzuz,deep german hip hop,2019,31/12/1969,101,73,86,-6,10,20,171,2,19,63,germany
333,Vou Ter Que Superar - Ao Vivo,Matheus & Kauan,pop nacional,2019,31/12/1969,106,72,51,-6,87,42,189,77,6,80,brazil
92,Vula Vala,DJ Maphorisa,afro house,2019,31/12/1969,113,59,91,-11,8,14,374,2,6,52,africa
778,Waktu Yang Salah,Fiersa Besari,indonesian indie,2014,31/12/1969,130,28,67,-11,10,30,326,79,3,76,indonesia
922,Walking with you,Novelbright,j-pop,2018,31/12/1969,93,97,42,-1,53,50,223,1,6,67,japan
986,Watermelon Sugar,Harry Styles,dance pop,2019,31/12/1969,95,82,55,-4,34,56,174,12,5,86,malasya
773,Way Back Home (feat. Conor Maynard) - Sam Feldt Edit,SHAUN,k-pop,2018,31/12/1969,106,75,74,-5,22,45,192,27,3,79,indonesia
188,What Christmas Means To Me,Stevie Wonder,adult standards,1967,31/12/1969,167,54,48,-10,8,82,147,24,4,80,australia
933,Wherever you are,ONE OK ROCK,j-pop,2010,31/12/1969,174,69,38,-5,34,29,296,3,5,62,japan
562,Whine Up,Nicky Jam,latin,2019,31/12/1969,105,67,82,-6,10,66,215,5,8,91,spain
617,White Christmas,Bing Crosby,adult standards,1942,31/12/1969,131,16,32,-16,34,25,177,67,4,89,usa
196,White Christmas (with Shania Twain),Michael Bublé,adult standards,2011,31/12/1969,127,49,61,-7,13,64,218,44,4,73,australia
436,Wieso tust Du dir das an?,Apache 207,german hip hop,2019,31/12/1969,134,48,86,-7,12,46,176,29,6,79,germany
180,Winter Wonderland,Tony Bennett,adult standards,1968,31/12/1969,115,37,45,-14,8,63,134,83,4,85,australia
672,Woin Woin feat. RK,Larry,french hip hop,2019,31/12/1969,130,64,90,-7,8,70,173,17,29,77,france
864,Wonderful Christmastime - Edited Version / Remastered 2011,Paul McCartney,album rock,1980,31/12/1969,95,51,77,-9,7,77,228,32,3,91,italy
434,Wonderful Dream (Holidays Are Coming) - Radio Version,Melanie Thornton,NA,2001,31/12/1969,150,68,58,-5,26,52,232,11,3,79,germany
137,Ya No Mas,Fer Palacio,NA,2019,31/12/1969,100,68,80,-6,7,88,158,14,6,75,argentina
719,Yaad Piya Ki Aane Lagi,Neha Kakkar,desi pop,2019,31/12/1969,108,83,86,-4,11,69,257,38,5,72,india
938,Yesterday,Official HIGE DANdism,anime rock,2019,31/12/1969,130,80,54,-4,40,56,299,4,4,55,japan
565,"Yo x Ti, Tu x Mi",ROSALÍA,r&b en espanol,2019,31/12/1969,92,76,78,-3,14,58,201,46,23,90,spain
870,You Make It Feel Like Christmas (feat. Blake Shelton),Gwen Stefani,dance pop,2017,31/12/1969,93,87,64,-4,12,91,157,2,4,85,italy
593,Zorra,Bad Gyal,rap catalan,2019,31/12/1969,176,65,64,-7,8,74,186,68,19,76,spain
10001,Tabaco y Ron,Rodolfo Aicardi,classic colombian pop,2012,31/12/1969,103,77,76,-7,11,96,243,18,4,54,colombia
10002,Tak Ingin Pisah Lagi,Marion Jola,indonesian pop,2019,31/12/1969,95,40,66,-6,14,34,266,58,3,64,indonesia
10003,Takeaway,The Chainsmokers,electropop,2019,31/12/1969,100,51,53,-8,10,35,210,13,3,83,indonesia
10004,Tal Vez,Paulo Londra,argentine hip hop,2019,31/12/1969,162,65,86,-2,8,74,264,25,15,80,argentina
10005,Tanpa Tergesa,Juicy Luicy,indonesian pop,2018,31/12/1969,96,29,70,-7,11,45,218,31,3,76,indonesia
10006,Te Quemaste,Manuel Turizo,colombian pop,2019,31/12/1969,176,77,73,-2,29,72,199,61,13,85,spain
10007,Te Vi,Piso 21,colombian pop,2018,31/12/1969,102,78,88,-4,9,71,232,4,12,85,bolivia
10008,Teenager Forever,King Gnu,j-pop,2019,31/12/1969,115,92,50,-4,34,70,189,7,11,39,japan
10009,Tender Love (feat. DJ Maphorisa & Kabza De Small),Sha Sha,afro house,2019,31/12/1969,113,39,85,-14,5,45,444,1,6,53,africa
10010,"Tera Ban Jaunga (From ""Kabir Singh"")",Akhil Sachdeva,desi pop,2019,31/12/1969,94,53,61,-6,13,40,236,82,2,59,india
10011,Thank God It's Christmas - Non-Album Single,Queen,glam rock,1984,31/12/1969,83,42,30,-9,23,34,262,21,3,80,australia
10012,The Best Side Of Life,Sarah Connor,german pop,2006,31/12/1969,91,63,63,-5,12,55,229,56,3,72,germany
10013,The Box,Roddy Ricch,melodic rap,2019,31/12/1969,117,59,90,-7,79,64,197,10,6,89,canada
10014,The Christmas Song (Merry Christmas To You),Nat King Cole,adult standards,1962,31/12/1969,79,21,32,-15,14,21,192,92,3,89,usa
10015,This Christmas,Donny Hathaway,chicago soul,1971,31/12/1969,93,65,63,-9,25,68,231,29,4,59,belgium
10016,Ti volevo dedicare (feat. J-AX & Boomdabash),Rocco Hunt,italian hip hop,2019,31/12/1969,120,73,75,-6,19,27,208,1,7,80,italy
10017,Tijolão - Ao Vivo,Jorge & Mateus,sertanejo,2019,31/12/1969,119,88,64,-4,34,69,175,47,20,83,brazil
10018,Tiro Certo - Ao Vivo,Zé Felipe,funk carioca,2019,31/12/1969,130,91,71,-5,71,69,179,56,7,65,brazil
10019,To Voando Alto,Mc Poze do Rodo,funk carioca,2019,31/12/1969,145,68,89,-3,8,80,137,31,17,80,brazil
10020,Todo Mundo Vai Sofrer - Ao Vivo,Marília Mendonça,sertanejo,2019,31/12/1969,111,74,62,-4,41,58,155,28,7,81,brazil
10021,Tolong,Budi Doremi,indonesian pop,2018,31/12/1969,136,20,44,-12,10,24,250,89,4,78,indonesia
10022,Traicionera,Pastor Lopez,cumbia,2012,31/12/1969,130,59,78,-5,19,96,215,53,4,55,colombia
10023,"Tu Hi Yaar Mera (From ""Pati Patni Aur Woh"")",Rochak,desi pop,2019,31/12/1969,87,38,72,-8,13,48,201,59,6,64,india
10024,"Tujhe Kitna Chahne Lage (From ""Kabir Singh"")",Arijit Singh,desi pop,2019,31/12/1969,70,40,43,-8,11,31,285,74,4,69,india
10025,"Tum Hi Aana (From ""Marjaavaan"")",Payal Dev,modern bollywood,2019,31/12/1969,90,40,47,-7,15,35,249,63,2,74,india
10026,Turning Up,ARASHI,j-pop,2019,31/12/1969,118,82,77,-5,24,90,183,2,10,68,japan
10027,Tusa,KAROL G,latin,2019,31/12/1969,101,72,80,-3,6,57,201,30,30,96,spain
10028,Tutto Questo Sei Tu,Ultimo,italian pop,2019,31/12/1969,162,51,45,-6,11,42,245,44,3,76,italy
10029,Tutu,Camilo,colombian pop,2019,31/12/1969,146,83,73,-3,7,94,179,27,5,90,argentina
